date,region,requests,completed,completion_rate,median_resolution_hours,satisfaction_score
2026-04-01,Central,126,116,0.9206,20.3122,3.7443
2026-04-01,Coastal,109,92,0.8440,20.5612,3.6809
2026-04-01,Lake,70,67,0.9571,20.3298,3.5685
2026-04-01,Northern,81,76,0.9383,19.8134,3.6607
2026-04-02,Central,107,97,0.9065,19.8193,3.7395
2026-04-02,Coastal,94,85,0.9043,20.5960,3.5108
2026-04-02,Lake,74,71,0.9595,19.6512,3.7153
2026-04-02,Northern,68,62,0.9118,20.2785,3.5840
2026-04-03,Central,133,126,0.9474,21.0868,3.6531
2026-04-03,Coastal,101,84,0.8317,21.2714,3.5654
2026-04-03,Lake,76,70,0.9211,20.9627,3.4933
2026-04-03,Northern,111,104,0.9369,18.1654,3.8225
2026-04-04,Central,92,81,0.8804,17.0959,3.7650
2026-04-04,Coastal,88,75,0.8523,21.6936,3.5473
2026-04-04,Lake,75,73,0.9733,18.6877,3.4261
2026-04-04,Northern,99,92,0.9293,21.6292,3.5361
2026-04-05,Central,104,98,0.9423,21.6928,3.5362
2026-04-05,Coastal,76,70,0.9211,21.5727,3.5490
2026-04-05,Lake,71,66,0.9296,23.1041,3.7489
2026-04-05,Northern,76,69,0.9079,24.0571,3.5809
2026-04-06,Central,132,116,0.8788,21.9475,3.8084
2026-04-06,Coastal,113,94,0.8319,20.9980,3.6373
2026-04-06,Lake,72,62,0.8611,21.2579,3.6780
2026-04-06,Northern,80,69,0.8625,20.2553,3.8768
2026-04-07,Central,113,97,0.8584,19.0999,3.6891
2026-04-07,Coastal,116,106,0.9138,19.9334,3.5153
2026-04-07,Lake,73,67,0.9178,23.6952,3.5905
2026-04-07,Northern,103,92,0.8932,20.7319,3.6707
2026-04-08,Central,120,105,0.8750,19.8940,3.7468
2026-04-08,Coastal,119,109,0.9160,22.3849,3.5491
2026-04-08,Lake,93,89,0.9570,21.8788,3.8446
2026-04-08,Northern,102,97,0.9510,24.6340,3.5730
2026-04-09,Central,131,122,0.9313,20.6694,3.5959
2026-04-09,Coastal,104,90,0.8654,21.3926,3.7458
2026-04-09,Lake,70,64,0.9143,19.6642,3.6004
2026-04-09,Northern,102,96,0.9412,22.2826,3.6453
2026-04-10,Central,118,107,0.9068,19.0394,3.7041
2026-04-10,Coastal,113,100,0.8850,18.1105,3.8744
2026-04-10,Lake,64,52,0.8125,18.8267,3.8264
2026-04-10,Northern,96,88,0.9167,22.6269,3.6121
2026-04-11,Central,107,93,0.8692,21.3896,3.6886
2026-04-11,Coastal,102,93,0.9118,20.1971,3.7078
2026-04-11,Lake,72,63,0.8750,21.5224,3.6423
2026-04-11,Northern,83,74,0.8916,21.2000,3.5026
2026-04-12,Central,99,88,0.8889,20.3083,3.7050
2026-04-12,Coastal,103,97,0.9417,22.4976,3.7816
2026-04-12,Lake,59,56,0.9492,17.6388,3.7290
2026-04-12,Northern,87,77,0.8851,18.8507,3.4416
2026-04-13,Central,132,121,0.9167,19.8543,3.6697
2026-04-13,Coastal,99,92,0.9293,19.8129,3.5698
2026-04-13,Lake,81,73,0.9012,19.3493,3.6351
2026-04-13,Northern,93,83,0.8925,21.3519,3.7236
2026-04-14,Central,132,109,0.8258,21.2182,3.5202
2026-04-14,Coastal,100,88,0.8800,22.3551,3.5478
2026-04-14,Lake,76,71,0.9342,23.9929,3.7677
2026-04-14,Northern,79,64,0.8101,22.4326,3.6625
2026-04-15,Central,145,130,0.8966,22.4594,3.3706
2026-04-15,Coastal,113,97,0.8584,20.5606,3.5533
2026-04-15,Lake,93,88,0.9462,17.6547,3.5536
2026-04-15,Northern,98,87,0.8878,23.2885,3.9161
2026-04-16,Central,125,113,0.9040,21.3207,3.5315
2026-04-16,Coastal,121,103,0.8512,17.6727,3.4855
2026-04-16,Lake,89,81,0.9101,20.6728,3.7618
2026-04-16,Northern,90,81,0.9000,17.7686,3.7329
2026-04-17,Central,121,116,0.9587,19.0692,3.8224
2026-04-17,Coastal,103,92,0.8932,19.3183,3.6389
2026-04-17,Lake,86,82,0.9535,21.2450,3.5180
2026-04-17,Northern,96,82,0.8542,19.6202,3.6598
2026-04-18,Central,110,103,0.9364,22.8287,3.5116
2026-04-18,Coastal,83,70,0.8434,21.3404,3.3624
2026-04-18,Lake,81,75,0.9259,17.3701,3.7163
2026-04-18,Northern,81,77,0.9506,21.4315,3.7641
2026-04-19,Central,114,102,0.8947,18.0516,3.6429
2026-04-19,Coastal,97,86,0.8866,18.8076,3.6713
2026-04-19,Lake,61,55,0.9016,19.4422,3.6800
2026-04-19,Northern,95,86,0.9053,21.7231,3.5479
2026-04-20,Central,132,122,0.9242,21.3910,3.7655
2026-04-20,Coastal,107,91,0.8505,22.4654,3.6015
2026-04-20,Lake,71,65,0.9155,19.8294,3.5989
2026-04-20,Northern,99,81,0.8182,20.0817,3.3707
2026-04-21,Central,112,95,0.8482,22.1248,3.5338
2026-04-21,Coastal,92,85,0.9239,21.5413,3.4626
2026-04-21,Lake,74,63,0.8514,19.5664,3.8331
2026-04-21,Northern,90,77,0.8556,21.3393,3.5812
2026-04-22,Central,128,115,0.8984,19.4216,3.6710
2026-04-22,Coastal,120,105,0.8750,19.0643,3.5395
2026-04-22,Lake,94,84,0.8936,21.0170,3.5770
2026-04-22,Northern,102,93,0.9118,20.3333,3.6871
2026-04-23,Central,130,122,0.9385,19.6235,3.7583
2026-04-23,Coastal,103,84,0.8155,20.4865,3.7454
2026-04-23,Lake,67,61,0.9104,20.7629,3.6933
2026-04-23,Northern,93,78,0.8387,21.7361,3.5936
2026-04-24,Central,120,112,0.9333,21.9262,3.5274
2026-04-24,Coastal,109,98,0.8991,21.7590,3.4689
2026-04-24,Lake,89,83,0.9326,23.5641,3.7402
2026-04-24,Northern,104,93,0.8942,20.3767,3.6898
2026-04-25,Central,110,100,0.9091,21.4447,3.7341
2026-04-25,Coastal,99,90,0.9091,18.4787,3.7294
2026-04-25,Lake,67,62,0.9254,21.3666,3.6620
2026-04-25,Northern,72,62,0.8611,22.0748,3.5897
2026-04-26,Central,124,109,0.8790,17.2232,3.5474
2026-04-26,Coastal,102,91,0.8922,21.2980,3.5245
2026-04-26,Lake,81,71,0.8765,17.5907,3.6195
2026-04-26,Northern,88,78,0.8864,22.1367,3.6136
2026-04-27,Central,128,117,0.9141,16.9713,3.5774
2026-04-27,Coastal,107,92,0.8598,17.6914,3.7012
2026-04-27,Lake,93,85,0.9140,19.1000,3.6726
2026-04-27,Northern,99,85,0.8586,21.1779,3.6493
2026-04-28,Central,124,109,0.8790,16.9305,3.5263
2026-04-28,Coastal,116,102,0.8793,18.4453,3.4008
2026-04-28,Lake,82,74,0.9024,20.0479,3.8307
2026-04-28,Northern,105,92,0.8762,22.3982,3.6455
2026-04-29,Central,138,127,0.9203,22.5746,3.7789
2026-04-29,Coastal,104,92,0.8846,22.4360,3.8202
2026-04-29,Lake,79,75,0.9494,22.7641,3.5127
2026-04-29,Northern,94,84,0.8936,23.1542,3.7940
2026-04-30,Central,137,124,0.9051,15.6844,3.5883
2026-04-30,Coastal,106,97,0.9151,21.6992,3.4126
2026-04-30,Lake,78,73,0.9359,19.0770,3.5701
2026-04-30,Northern,100,95,0.9500,19.7002,3.6695
2026-05-01,Central,124,116,0.9355,23.5030,3.8575
2026-05-01,Coastal,102,90,0.8824,18.0472,3.5874
2026-05-01,Lake,75,73,0.9733,22.0072,3.7638
2026-05-01,Northern,100,92,0.9200,20.5956,3.6976
2026-05-02,Central,104,95,0.9135,18.7292,3.6056
2026-05-02,Coastal,88,79,0.8977,19.1691,3.7357
2026-05-02,Lake,82,78,0.9512,18.9897,3.7542
2026-05-02,Northern,79,73,0.9241,18.0832,3.7490
2026-05-03,Central,103,97,0.9417,17.7417,3.8208
2026-05-03,Coastal,87,81,0.9310,21.8979,3.5140
2026-05-03,Lake,71,67,0.9437,23.8363,3.6521
2026-05-03,Northern,78,70,0.8974,20.9347,3.3348
2026-05-04,Central,136,126,0.9265,19.5511,3.7812
2026-05-04,Coastal,103,95,0.9223,17.9596,3.7327
2026-05-04,Lake,77,72,0.9351,18.6794,3.5531
2026-05-04,Northern,89,80,0.8989,23.1736,3.4171
2026-05-05,Central,124,112,0.9032,18.2142,3.6178
2026-05-05,Coastal,110,92,0.8364,22.9778,3.3940
2026-05-05,Lake,82,73,0.8902,17.7354,3.5501
2026-05-05,Northern,99,91,0.9192,22.7479,3.7544
2026-05-06,Central,125,113,0.9040,20.7575,3.7113
2026-05-06,Coastal,95,89,0.9368,20.6060,3.6808
2026-05-06,Lake,90,79,0.8778,20.2132,3.6810
2026-05-06,Northern,100,94,0.9400,19.5790,3.6589
2026-05-07,Central,131,120,0.9160,17.5552,3.6276
2026-05-07,Coastal,95,88,0.9263,21.8964,3.6248
2026-05-07,Lake,78,74,0.9487,18.7938,3.5560
2026-05-07,Northern,108,93,0.8611,18.8733,3.5234
2026-05-08,Central,126,115,0.9127,18.5266,3.6494
2026-05-08,Coastal,95,88,0.9263,16.9395,3.6559
2026-05-08,Lake,82,78,0.9512,18.0239,3.6568
2026-05-08,Northern,92,85,0.9239,21.5546,3.6441
2026-05-09,Central,97,88,0.9072,20.6009,3.7055
2026-05-09,Coastal,81,68,0.8395,22.1371,3.7199
2026-05-09,Lake,70,67,0.9571,18.1072,3.7103
2026-05-09,Northern,80,72,0.9000,21.1415,3.6180
2026-05-10,Central,129,119,0.9225,20.5134,3.6163
2026-05-10,Coastal,88,78,0.8864,18.4592,3.5265
2026-05-10,Lake,55,50,0.9091,21.2386,3.8030
2026-05-10,Northern,59,50,0.8475,18.3931,3.5894
2026-05-11,Central,135,121,0.8963,19.6489,3.5219
2026-05-11,Coastal,112,101,0.9018,20.6661,3.5977
2026-05-11,Lake,83,72,0.8675,22.0280,3.5834
2026-05-11,Northern,94,81,0.8617,23.5087,3.2459
2026-05-12,Central,112,100,0.8929,18.7347,3.5933
2026-05-12,Coastal,99,90,0.9091,20.6599,3.6977
2026-05-12,Lake,79,72,0.9114,20.2532,3.5406
2026-05-12,Northern,91,82,0.9011,21.7377,3.6389
2026-05-13,Central,126,114,0.9048,19.9205,3.8024
2026-05-13,Coastal,112,102,0.9107,18.5420,3.5195
2026-05-13,Lake,88,85,0.9659,17.6796,3.7821
2026-05-13,Northern,121,107,0.8843,23.9816,3.6510
2026-05-14,Central,136,127,0.9338,19.1046,3.6604
2026-05-14,Coastal,114,100,0.8772,21.4899,3.5545
2026-05-14,Lake,86,84,0.9767,19.5757,3.4816
2026-05-14,Northern,87,78,0.8966,16.3334,3.5968
2026-05-15,Central,122,113,0.9262,19.1084,3.8145
2026-05-15,Coastal,129,119,0.9225,20.8576,3.7446
2026-05-15,Lake,100,95,0.9500,18.5550,3.5404
2026-05-15,Northern,81,73,0.9012,18.8340,3.7824
2026-05-16,Central,97,89,0.9175,22.0921,3.6705
2026-05-16,Coastal,107,99,0.9252,23.7587,3.5717
2026-05-16,Lake,76,70,0.9211,19.0057,3.7735
2026-05-16,Northern,78,74,0.9487,18.6926,3.8187
2026-05-17,Central,126,117,0.9286,20.8539,3.4418
2026-05-17,Coastal,81,70,0.8642,18.9421,3.5722
2026-05-17,Lake,74,70,0.9459,22.3411,3.7749
2026-05-17,Northern,84,79,0.9405,19.2768,3.4887
2026-05-18,Central,139,128,0.9209,21.0320,3.7969
2026-05-18,Coastal,116,100,0.8621,21.5883,3.5534
2026-05-18,Lake,58,49,0.8448,19.8887,3.8265
2026-05-18,Northern,81,73,0.9012,20.7217,3.5105
2026-05-19,Central,111,103,0.9279,20.6557,3.6102
2026-05-19,Coastal,93,83,0.8925,19.9819,3.6996
2026-05-19,Lake,94,85,0.9043,21.3647,3.5355
2026-05-19,Northern,97,83,0.8557,23.1615,3.6321
2026-05-20,Central,137,122,0.8905,21.8135,3.7544
2026-05-20,Coastal,85,76,0.8941,22.3093,3.7752
2026-05-20,Lake,89,85,0.9551,18.3433,3.7882
2026-05-20,Northern,94,86,0.9149,18.6064,3.6606
2026-05-21,Central,133,122,0.9173,21.5989,3.8137
2026-05-21,Coastal,115,108,0.9391,17.9061,3.5873
2026-05-21,Lake,69,65,0.9420,21.1765,3.7534
2026-05-21,Northern,79,67,0.8481,20.7598,3.8833
2026-05-22,Central,132,128,0.9697,19.7282,3.6792
2026-05-22,Coastal,109,98,0.8991,18.6560,3.6668
2026-05-22,Lake,78,71,0.9103,18.5911,3.6848
2026-05-22,Northern,83,76,0.9157,15.3619,3.5329
2026-05-23,Central,114,106,0.9298,20.2841,3.6000
2026-05-23,Coastal,98,89,0.9082,20.9426,3.6816
2026-05-23,Lake,67,64,0.9552,18.1841,3.6908
2026-05-23,Northern,72,64,0.8889,24.7712,3.6440
2026-05-24,Central,118,105,0.8898,19.1393,3.5906
2026-05-24,Coastal,86,77,0.8953,20.8416,3.3996
2026-05-24,Lake,82,74,0.9024,20.7320,3.6836
2026-05-24,Northern,74,63,0.8514,19.2695,3.6146
2026-05-25,Central,126,112,0.8889,16.2595,3.7103
2026-05-25,Coastal,94,79,0.8404,22.8424,3.5295
2026-05-25,Lake,97,88,0.9072,20.8909,3.6469
2026-05-25,Northern,94,80,0.8511,21.2757,3.5452
2026-05-26,Central,121,106,0.8760,21.4908,3.6560
2026-05-26,Coastal,116,101,0.8707,22.4462,3.5251
2026-05-26,Lake,82,74,0.9024,21.2877,3.4954
2026-05-26,Northern,100,90,0.9000,20.6218,3.4386
2026-05-27,Central,119,109,0.9160,22.0994,3.6417
2026-05-27,Coastal,98,88,0.8980,23.1058,3.5770
2026-05-27,Lake,84,76,0.9048,20.6342,3.7050
2026-05-27,Northern,92,86,0.9348,21.7012,3.4441
2026-05-28,Central,145,133,0.9172,20.1121,3.6709
2026-05-28,Coastal,97,88,0.9072,18.7915,3.7858
2026-05-28,Lake,83,77,0.9277,18.5586,3.8610
2026-05-28,Northern,99,90,0.9091,21.0852,3.8239
2026-05-29,Central,131,126,0.9618,18.3131,3.5075
2026-05-29,Coastal,98,88,0.8980,23.1813,3.4866
2026-05-29,Lake,84,82,0.9762,18.0112,3.7912
2026-05-29,Northern,72,64,0.8889,21.2875,3.8249
2026-05-30,Central,111,102,0.9189,20.2445,3.8630
2026-05-30,Coastal,89,81,0.9101,21.7768,3.6246
2026-05-30,Lake,77,72,0.9351,22.2137,3.6747
2026-05-30,Northern,87,80,0.9195,21.0241,3.6873
2026-05-31,Central,114,105,0.9211,21.9323,3.7389
2026-05-31,Coastal,86,79,0.9186,18.5150,3.5712
2026-05-31,Lake,73,69,0.9452,21.4822,3.4751
2026-05-31,Northern,70,64,0.9143,25.1031,3.7280
2026-06-01,Central,117,109,0.9316,17.2954,3.8100
2026-06-01,Coastal,107,97,0.9065,21.4680,3.7656
2026-06-01,Lake,96,87,0.9062,16.6195,3.5316
2026-06-01,Northern,88,76,0.8636,21.4564,3.5958
2026-06-02,Central,142,130,0.9155,20.0204,3.7397
2026-06-02,Coastal,90,78,0.8667,23.9286,3.6552
2026-06-02,Lake,78,70,0.8974,20.5127,3.7413
2026-06-02,Northern,92,80,0.8696,20.6792,3.6790
2026-06-03,Central,120,104,0.8667,18.3337,3.6494
2026-06-03,Coastal,100,90,0.9000,24.0839,3.4193
2026-06-03,Lake,92,85,0.9239,18.2952,3.5345
2026-06-03,Northern,85,73,0.8588,18.5812,3.6496
2026-06-04,Central,109,101,0.9266,20.3322,3.6411
2026-06-04,Coastal,108,99,0.9167,18.6029,3.6332
2026-06-04,Lake,91,82,0.9011,18.8844,3.8653
2026-06-04,Northern,80,69,0.8625,19.1329,3.7053
2026-06-05,Central,143,131,0.9161,24.8193,3.7284
2026-06-05,Coastal,87,79,0.9080,22.8369,3.5808
2026-06-05,Lake,79,76,0.9620,17.3982,3.9553
2026-06-05,Northern,86,74,0.8605,21.3251,3.7405
2026-06-06,Central,108,102,0.9444,20.9284,3.8406
2026-06-06,Coastal,100,89,0.8900,20.3172,3.7421
2026-06-06,Lake,75,69,0.9200,19.0688,3.7840
2026-06-06,Northern,93,85,0.9140,22.3820,3.6718
2026-06-07,Central,123,113,0.9187,21.3600,3.5630
2026-06-07,Coastal,95,80,0.8421,21.6873,3.5528
2026-06-07,Lake,80,78,0.9750,18.1652,3.5062
2026-06-07,Northern,84,75,0.8929,19.4184,3.8591
2026-06-08,Central,122,116,0.9508,19.5977,3.6473
2026-06-08,Coastal,118,109,0.9237,21.3727,3.5084
2026-06-08,Lake,87,83,0.9540,21.8758,3.8769
2026-06-08,Northern,89,81,0.9101,20.9445,3.6772
2026-06-09,Central,119,104,0.8739,20.3481,3.6045
2026-06-09,Coastal,90,75,0.8333,17.6785,3.5050
2026-06-09,Lake,79,73,0.9241,19.3813,3.7122
2026-06-09,Northern,107,91,0.8505,21.5316,3.8454
2026-06-10,Central,124,111,0.8952,20.8072,3.6999
2026-06-10,Coastal,121,108,0.8926,22.9157,3.6364
2026-06-10,Lake,78,72,0.9231,19.8720,3.7521
2026-06-10,Northern,94,79,0.8404,18.3067,3.5456
2026-06-11,Central,126,122,0.9683,18.0973,3.6924
2026-06-11,Coastal,103,97,0.9417,18.8335,3.6520
2026-06-11,Lake,91,82,0.9011,21.2503,3.6847
2026-06-11,Northern,105,96,0.9143,21.5671,3.4547
2026-06-12,Central,140,133,0.9500,21.2550,3.6743
2026-06-12,Coastal,99,89,0.8990,20.0896,3.5410
2026-06-12,Lake,93,90,0.9677,20.7765,3.6590
2026-06-12,Northern,104,98,0.9423,19.9377,3.6297
2026-06-13,Central,103,95,0.9223,19.4832,3.8622
2026-06-13,Coastal,96,87,0.9062,16.7609,3.6394
2026-06-13,Lake,65,62,0.9538,21.2208,3.6109
2026-06-13,Northern,89,77,0.8652,22.0466,3.6635
2026-06-14,Central,114,109,0.9561,20.8737,3.6687
2026-06-14,Coastal,108,96,0.8889,16.8559,3.6422
2026-06-14,Lake,88,82,0.9318,17.8953,3.6738
2026-06-14,Northern,66,60,0.9091,21.2612,3.6649
2026-06-15,Central,136,123,0.9044,19.6853,3.6097
2026-06-15,Coastal,102,92,0.9020,20.8178,3.5169
2026-06-15,Lake,94,89,0.9468,21.5896,3.7120
2026-06-15,Northern,96,88,0.9167,21.5393,3.7381
2026-06-16,Central,135,125,0.9259,18.3191,3.5842
2026-06-16,Coastal,110,96,0.8727,21.7300,3.9228
2026-06-16,Lake,77,72,0.9351,18.4110,3.6500
2026-06-16,Northern,87,78,0.8966,21.5059,3.6378
2026-06-17,Central,112,105,0.9375,22.6455,3.6720
2026-06-17,Coastal,128,115,0.8984,16.7412,3.4227
2026-06-17,Lake,84,81,0.9643,18.5993,3.8254
2026-06-17,Northern,76,72,0.9474,20.9589,3.9123
2026-06-18,Central,128,119,0.9297,19.7263,3.8267
2026-06-18,Coastal,108,102,0.9444,18.1990,3.6506
2026-06-18,Lake,81,77,0.9506,22.4354,3.7012
2026-06-18,Northern,83,79,0.9518,18.5040,3.6602
2026-06-19,Central,128,117,0.9141,21.8998,3.7421
2026-06-19,Coastal,94,90,0.9574,19.2582,3.5466
2026-06-19,Lake,77,72,0.9351,21.0674,3.8493
2026-06-19,Northern,95,80,0.8421,18.0464,3.8959
2026-06-20,Central,123,113,0.9187,20.3543,3.7484
2026-06-20,Coastal,109,97,0.8899,22.5954,3.7765
2026-06-20,Lake,92,83,0.9022,21.6381,3.6890
2026-06-20,Northern,82,77,0.9390,20.7559,3.6815
2026-06-21,Central,117,106,0.9060,17.8407,3.7482
2026-06-21,Coastal,94,86,0.9149,21.0101,3.8175
2026-06-21,Lake,73,71,0.9726,22.8982,3.7434
2026-06-21,Northern,89,81,0.9101,22.9350,3.9320
2026-06-22,Central,138,125,0.9058,20.5607,3.5907
2026-06-22,Coastal,104,98,0.9423,20.1171,3.5998
2026-06-22,Lake,81,74,0.9136,17.2980,3.6695
2026-06-22,Northern,104,94,0.9038,17.6198,3.6090
2026-06-23,Central,140,126,0.9000,18.9130,3.6430
2026-06-23,Coastal,111,99,0.8919,20.7010,3.6084
2026-06-23,Lake,90,83,0.9222,19.7424,3.6398
2026-06-23,Northern,92,80,0.8696,21.6119,3.6216
2026-06-24,Central,117,110,0.9402,18.8393,3.5563
2026-06-24,Coastal,112,100,0.8929,19.3770,3.7581
2026-06-24,Lake,76,69,0.9079,20.3694,3.6946
2026-06-24,Northern,95,91,0.9579,24.0080,3.6554
2026-06-25,Central,115,107,0.9304,21.6818,3.8508
2026-06-25,Coastal,111,98,0.8829,20.4900,3.7269
2026-06-25,Lake,77,73,0.9481,22.5614,3.5669
2026-06-25,Northern,81,76,0.9383,23.4241,3.5307
2026-06-26,Central,126,118,0.9365,19.0560,3.5413
2026-06-26,Coastal,118,105,0.8898,16.9803,3.6819
2026-06-26,Lake,79,71,0.8987,18.2747,3.7614
2026-06-26,Northern,81,77,0.9506,18.8603,3.7310
2026-06-27,Central,85,77,0.9059,17.2586,3.6720
2026-06-27,Coastal,76,72,0.9474,21.0331,3.4785
2026-06-27,Lake,60,57,0.9500,22.6124,3.7356
2026-06-27,Northern,76,67,0.8816,19.0677,3.5527
2026-06-28,Central,97,89,0.9175,20.1542,3.5616
2026-06-28,Coastal,97,86,0.8866,21.3359,3.6274
2026-06-28,Lake,74,70,0.9459,21.2804,3.7398
2026-06-28,Northern,87,84,0.9655,20.1242,3.5550
2026-06-29,Central,147,133,0.9048,16.7229,3.6093
2026-06-29,Coastal,101,92,0.9109,18.8050,3.5533
2026-06-29,Lake,80,72,0.9000,21.6633,3.6034
2026-06-29,Northern,88,78,0.8864,20.3453,3.6347
